{"cameraMode":{"drawMode":0,"name":"Shaded","section":"Shading Mode"},"sceneLighting":false,"audioPlay":false,"sceneViewState":{"showFog":true,"showMaterialUpdate":false,"showSkybox":false,"showFlares":true,"showImageEffects":true,"showParticleSystems":true},"in2DMode":false,"pivot":{"x":-0.9123347997665405,"y":1.5333162546157838,"z":-2.957237482070923},"rotation":{"x":-0.05128831788897514,"y":-0.003899515839293599,"z":0.0001963079848792404,"w":-0.9986982345581055},"size":1.3613228797912598,"orthographic":false}